{
	"id": "4984f791-0652-447b-b6ae-e725c7902480",
	"name": "Task Dicoding",
	"values": [
		{
			"key": "ports",
			"value": "9000",
			"type": "default",
			"enabled": true
		},
		{
			"key": "bookId",
			"value": "",
			"type": "default",
			"enabled": true
		},
		{
			"key": "newName",
			"value": "Buku A",
			"type": "default",
			"enabled": true
		},
		{
			"key": "newYear",
			"value": "2010",
			"type": "default",
			"enabled": true
		},
		{
			"key": "newAuthor",
			"value": "John Doe",
			"type": "default",
			"enabled": true
		},
		{
			"key": "newSummary",
			"value": "Lorem ipsum",
			"type": "default",
			"enabled": true
		},
		{
			"key": "newPublisher",
			"value": "Dicoding Indonesia",
			"type": "default",
			"enabled": true
		},
		{
			"key": "newPageCount",
			"value": "100",
			"type": "default",
			"enabled": true
		},
		{
			"key": "newReading",
			"value": "false",
			"type": "default",
			"enabled": true
		},
		{
			"key": "newReadPage",
			"value": "25",
			"type": "default",
			"enabled": true
		},
		{
			"key": "updateName",
			"value": "Buku A Revisi",
			"type": "default",
			"enabled": true
		},
		{
			"key": "updateYear",
			"value": "2011",
			"type": "default",
			"enabled": true
		},
		{
			"key": "updateAuthor",
			"value": "Jane Doe",
			"type": "default",
			"enabled": true
		},
		{
			"key": "updateSummary",
			"value": "Lorem Dolor sit Amett",
			"type": "default",
			"enabled": true
		},
		{
			"key": "bookIdWithFinishedReading",
			"value": "",
			"type": "any",
			"enabled": true
		},
		{
			"key": "updateReading",
			"value": "true",
			"type": "default",
			"enabled": true
		},
		{
			"key": "updatePublisher",
			"value": "Dicoding ",
			"type": "default",
			"enabled": true
		},
		{
			"key": "updatePageCount",
			"value": "101",
			"type": "default",
			"enabled": true
		},
		{
			"key": "updateReadPage",
			"value": "26",
			"type": "default",
			"enabled": true
		},
		{
			"key": "port",
			"value": "9000",
			"type": "default",
			"enabled": true
		}
	],
	"_postman_variable_scope": "environment",
	"_postman_exported_at": "2024-10-25T07:22:42.067Z",
	"_postman_exported_using": "Postman/11.18.0"
}